{
    "url": {
        "self": {
            "context_path": "airpoints-account",
            "buy_payment_redirect" : "http://ec2-13-234-147-158.ap-south-1.compute.amazonaws.com/lmp/#/buy",
            "buy_payment_failed" : "http://ec2-13-234-147-158.ap-south-1.compute.amazonaws.com/lmp/#/buy?payment=failed",
            "buy_payment_success" : "http://ec2-13-234-147-158.ap-south-1.compute.amazonaws.com/lmp/#/buy?payment=success",
            "buy_payment_cancelled" : "http://ec2-13-234-147-158.ap-south-1.compute.amazonaws.com/lmp/#/buy?payment=cancelled",
            "tierupgrade_payment_redirect" : "http://ec2-13-234-147-158.ap-south-1.compute.amazonaws.com/lmp/#/buy?payment=retry",
            "tierupgrade_payment_failed" : "http://ec2-13-234-147-158.ap-south-1.compute.amazonaws.com/lmp/#/buy?payment=failed",
            "tierupgrade_payment_success" : "http://ec2-13-234-147-158.ap-south-1.compute.amazonaws.com/lmp/#/buy?payment=success",
            "tierupgrade_payment_cancelled" : "http://ec2-13-234-147-158.ap-south-1.compute.amazonaws.com/lmp/#/buy?payment=cancelled",
            "gift_point_redirect" : "http://ec2-13-234-147-158.ap-south-1.compute.amazonaws.com/lmp/#/buy?payment=retry",
            "gift_point_payment_failed" : "http://ec2-13-234-147-158.ap-south-1.compute.amazonaws.com/lmp/#/buy?payment=failed",
            "gift_point_payment_success" : "http://ec2-13-234-147-158.ap-south-1.compute.amazonaws.com/lmp/#/buy?payment=success",
            "gift_point_payment_cancelled" : "http://ec2-13-234-147-158.ap-south-1.compute.amazonaws.com/lmp/#/buy?payment=cancelled",
            "transfer_payment_redirect" : "http://ec2-13-234-147-158.ap-south-1.compute.amazonaws.com/lmp/#/transfer",
            "transfer_payment_failed" : "http://ec2-13-234-147-158.ap-south-1.compute.amazonaws.com/lmp/#/transfer?payment=failed",
            "transfer_payment_success" : "http://ec2-13-234-147-158.ap-south-1.compute.amazonaws.com/lmp/#/transfer?payment=success",
            "transfer_payment_cancelled" : "http://ec2-13-234-147-158.ap-south-1.compute.amazonaws.com/lmp/#/transfer?payment=cancelled",
            "callback_url": "https://airnz.ibsplc.org/#/callback",
            "refferal" : "#/member/register?source=referral&MPN={memNo}&location=en",
            "fb_referral": "http://www.facebook.com/sharer.php?u=",
            "twitter_referral": "https://twitter.com/intent/tweet?url=",
            "extend_renew_redirect" : "http://ec2-13-234-147-158.ap-south-1.compute.amazonaws.com/lmp/#/member/extendexpiry",
            "extend_renew_payment_failed" : "http://ec2-13-234-147-158.ap-south-1.compute.amazonaws.com/lmp/#/member/extendexpiry?payment=failed",
            "extend_renew_payment_success" : "http://ec2-13-234-147-158.ap-south-1.compute.amazonaws.com/lmp/#/member/extendexpiry?payment=success",
            "extend_renew_payment_cancelled" : "http://ec2-13-234-147-158.ap-south-1.compute.amazonaws.com/lmp/#/member/extendexpiry?payment=cancelled"
        },
        "business_config_service": {
            "config_url": "/lmpapi/api/business-config-service/v1/config/data"
        },
        "auth_service": {
            "auth": "/lmpapi/api/auth-service/users/login",
            "logout": "/lmpapi/api/authservice/users/logout",
            "fetch_login_details":"/lmpapi/api/authservice/users/login",
            "social_login_url": "/lmpapi/api/authservice/oauth2/authorize",
            "social_logged_user": "/lmpapi/api/authservice/social-login/user/me",
            "fetch_refresh_token": "/lmpapi/api/authservice/auth/refresh",
            "fetch_new_token": "/lmpapi/api/authservice/auth/token/refresh",
            "social_login_url_facebook": "/lmpapi/api/authservice/oauth2/authorize/facebook?redirect_uri=",
            "social_login_url_google":"/lmpapi/api/authservice/oauth2/authorize/google?redirect_uri=",
            "airnz_idp_login":"https://airnz.ibsplc.org/anz-lmpapi/api/authservice/oauth2/authorize/airnz?redirect_uri="
        },
        "master_service": {
            "master_retrieve": "/lmpapi/api/master-service/v1/master/retrieve",
            "additional_details": "/lmpapi/api/master-service/v1/master/retrieve/additional-details"
        },
        "member_service": {
            "enrolment":"/lmpapi/api/member-service/v1/member/enrol",
            "enrolment_corporate":"http://10.246.29.109:8084/api/member-service/v1/member/enrol/corporate",
            "preaffiliated_enrolment":"/lmpapi/api/member-service/v1/member/enrol/pre-affiliated-member",
            "membership_number_check":"/lmpapi/api/member-service/v1/member/enrol/pre-affiliated-member/validate",
            "pin_change":"/lmpapi/api/member-service/v1/member/pin/change",
            "useractivation":"/lmpapi/api/member-service/v1/member/activate",
            "add_traveller": "/lmpapi/api/member-service/v1/member/traveller/add",
            "update_nominee": "/lmpapi/api/member-service/v1/member/nominee/update",
            "delete_nominee": "/anz-lmpapi/api/member-service/v1/member/nominee/delete",
            "qrcode_image": "/lmpapi/api/member-service/v1/member/qr-code/retrieve",
            "add_family_member" : "/lmpapi/api/member-service/v1/member/family/add",
            "forgot_psw_link":"/lmpapi/api/member-service/v1/member/password/reset",
            "change_psw_link":"/lmpapi/api/member-service/v1/member/password/change",
            "account_summary": "/lmpapi/api/member-service/v1/member/account-summary",
            "delete_traveller": "/lmpapi/api/member-service/v1/member/traveller/delete",
            "update_traveller": "/lmpapi/api/member-service/v1/member/traveller/update",
            "add_nominee": "/anz-lmpapi/api/member-service/v1/member/nominee/add-reset-pwd",
            "retrieve_nominees": "/lmpapi/api/member-service/v1/member/nominee/retrieve",
            "update_preference": "/lmpapi/api/member-service/v1/member/preference/update",
            "retrieve_customer_profile": "/lmpapi/api/member-service/v1/customer/retrieve",
            "add_profile_picture":"/lmpapi/api/member-service/v1/member/profile/image/add",
            "fetch_family_members": "/lmpapi/api/member-service/v1/member/family/retrieve",
            "update_profile_details": "/lmpapi/api/member-service/v1/member/profile/update",
            "fetch_profile_details": "/anz-lmpapi/api/member-service/v1/member/profile/retrieve",
            "retrieve_travellers": "/lmpapi/api/member-service/v1/member/traveller/retrieve",
            "reset_password":"/lmpapi/api/member-service/v1/member/password/change/reset-email",
            "fetch_profile_image": "/lmpapi/api/member-service/v1/member/profile/image/retrieve",
            "update_customer_profile": "/lmpapi/api/member-service/v1/member/nominee/update/self",
            "retrieve_account_users": "/lmpapi/api/member-service/v1/member/nominee/retrieve-user",
            "update_security_questions": "/lmpapi/api/member-service/v1/member/security-question/update",
            "create_security_token": "/lmpapi/api/member-service/v1/member/token/create",
            "validate_security_token": "/lmpapi/api/member-service/v1/member/token/validate",
            "validate_member_detail": "/anz-lmpapi/api/member-service/v1/member/validate/member-detail-all",
            "update_account_user_privilege":"/anz-lmpapi/api/member-service/v1/member/nominee/update/privilege",
            "add_companion":"/lmpapi/api/member-service/v1/member/nominee/add",
            "referral":"/lmpapi/api/member-service/v1/member/referral",
            "account_user_activation": "/anz-lmpapi/api/member-service/v1/member/nominee/activate",
            "activate_email": "/lmpapi/api/member/email-activate",
            "change_email":"/lmpapi/api/member-service/v1/member/email-change"
        },
        "transaction_service": {
            "buy_poin": "/lmpapi/api/transaction-service/v1/point/top-up",
            "search_member": "/lmpapi/api/transaction-service/v1/member/search",
            "gift_point": "/lmpapi/api/transaction-service/v1/point/gift",
            "accept_payment": "/lmpapi/api/transaction-service/v1/payment",
            "transfer_point": "/lmpapi/api/transaction-service/v1/point/transfer",
            "request_claim": "/lmpapi/api/transaction-service/v1/point/retro-claim",
            "mileage_calculator": "/lmpapi/api/transaction-service/v1/point/calculator",
            "transaction_logout": "/lmpapi/api/transaction-service/v1/authenticate/logout",
            "transaction_authenticate": "/lmpapi/api/transaction-service/v1/authenticate/login",
            "mileage_calculator_earn": "/lmpapi/api/transaction-service/v1/point/calculator/earn",
            "mileage_calculator_burn": "/lmpapi/api/transaction-service/v1/point/calculator/burn",
            "fetch_claim_summary": "/lmpapi/api/transaction-service/v1/point/retro-claim/retrieve",
            "fetch_retrieve_quote": "/lmpapi/api/transaction-service/v1/point/retrieveQuote",
            "renew_miles_payment": "/lmpapi/api/transaction-service/v1/point/renew"
        },
        "summary_service": {
            "convertpoints":"/lmpapi/api/summary-service/v1/notification",
            "fetch_flights": "/lmpapi/api/summary-service/v1/member/myflights",
            "transaction_summary": "/lmpapi/api/summary-service/v1/query-result/retrieve",
            "fetch_feedback_details":"/lmpapi/api/summary-service/v1/member/service-request",
            "retrieve_activity_detail": "/lmpapi/api/summary-service/v1/activity-detail/retrieve",
            "view_notifications": "/lmpapi/api/summary-service/v1/notification",
            "retrieve_renew_expiry_point_details":"/lmpapi/api/summary-service/v1/renew-expiry/retrieve",
            "simulate_rule": "/lmpapi/api/summary-service/v1/simulate-rule",
            "validate_business_number": "/anz-lmpapi/api/summary-service/v1/company/validate"
        },
        "subscription_service": {
            "product_list": "/anz-lmpapi/api/summary-service/v1/product-list",
            "product_enroll": "/anz-lmpapi/api/member-service/v1/member/enrol/multi-program",
            "product_pay_accept": "/anz-lmpapi/api/transaction-service/v1/payment",
            "validate_member_plan": "/anz-lmpapi/api/summary-service/v1/custom/validate",
            "profile_overview":"/anz-lmpapi/api/member-service/v1/profile-overview",
            "product_renew": "/anz-lmpapi/api/member-service/v1/member/account/renewal",
            "standalone_purchase":"/anz-lmpapi/api/summary-service/v1/adhoc-activity",
            "register_company": "/anz-lmpapi/api/member-service/v1/member/enrol/corporate/same-program"
        },
        "cms_service": {
            "cms": "http://ec2-13-234-147-158.ap-south-1.compute.amazonaws.com/",
            "cms_api": "http://ec2-13-234-147-158.ap-south-1.compute.amazonaws.com/en/jsonapi",
            "header_footer_content": "/lmpapi/api/cms-service/v1/cms/content/retrieve",
            "recommended_partners": "/lmpapi/api/cms-service/v1/cms/partners/retrieve",
            "recommended_benefits": "/lmpapi/api/cms-service/v1/cms/offers/retrieve",
            "view_offerpartnerdetail": "/lmpapi/api/cms-service/v1/cms/content/retrieve-id"
       
        },
        "e_retail": "https://wav.eu2.amadeus.com/plnext/flysaaAwardDX/Override.action"
    },
    "i18n": {
        "url" : "locales/{{lng}}/{{ns}}.json",
        "languages": [{
            "code": "en",
            "name": "English",
            "flagCode": "GB"
        },
        {
            "code": "ko",
            "name": "대한민국",
            "flagCode": "KR"
        }],
        "default_lng": "en",
        "namespace": [
            "common", 
            "error"
        ],
        "default_ns": "common"
    },
    "imageBaseUrl": "images",
    "envConfigUrl": "/configuration-anz/config.json"
}