{
    "countryIsdList": [
      {
        "label": "Select Country",
        "value": null
      },
      {
        "label": "AFGHANISTAN(+93)",
        "value": "+93"
      },
      {
        "label": "ALBANIA(+355)",
        "value": "+355"
      },
      {
        "label": "ALGERIA(+213)",
        "value": "+213"
      },
      {
        "label": "AMERICAN SAMOA(+684)",
        "value": "+684"
      },
      {
        "label": "ANDORRA(+376)",
        "value": "+376"
      },
      {
        "label": "ANGOLA(+244)",
        "value": "+244"
      },
      {
        "label": "ANGUILLA(+264)",
        "value": "+264"
      },
      {
        "label": "ANTARCTICA(+672)",
        "value": "+672"
      },
      {
        "label": "ANTIGUA AND BARBUDA(+268)",
        "value": "+268"
      },
      {
        "label": "ARGENTINA(+54)",
        "value": "+54"
      },
      {
        "label": "ARMENIA(+374)",
        "value": "+374"
      },
      {
        "label": "ARUBA(+297)",
        "value": "+297"
      },
      {
        "label": "AUSTRALIA(+61)",
        "value": "+61"
      },
      {
        "label": "AUSTRIA(+43)",
        "value": "+43"
      },
      {
        "label": "AZERBAIJAN(+994)",
        "value": "+994"
      },
      {
        "label": "BAHAMAS(+242)",
        "value": "+242"
      },
      {
        "label": "BAHRAIN(+973)",
        "value": "+973"
      },
      {
        "label": "BANGLADESH(+880)",
        "value": "+880"
      },
      {
        "label": "BARBADOS(+246)",
        "value": "+246"
      },
      {
        "label": "BELARUS(+375)",
        "value": "+375"
      },
      {
        "label": "BELGIUM(+32)",
        "value": "+32"
      },
      {
        "label": "BELIZE(+501)",
        "value": "+501"
      },
      {
        "label": "BENIN(+229)",
        "value": "+229"
      },
      {
        "label": "BERMUDA(+441)",
        "value": "+441"
      },
      {
        "label": "BHUTAN(+975)",
        "value": "+975"
      },
      {
        "label": "BOLIVIA(+591)",
        "value": "+591"
      },
      {
        "label": "BONAIRE(+599)",
        "value": "+599"
      },
      {
        "label": "BOSNIA AND HERZEGOVINA(+387)",
        "value": "+387"
      },
      {
        "label": "BOTSWANA(+267)",
        "value": "+267"
      },
      {
        "label": "BOUVET ISLAND(+47)",
        "value": "+47"
      },
      {
        "label": "BRAZIL(+55)",
        "value": "+55"
      },
      {
        "label": "BRITISH INDIAN OCEAN TERRITORY(+246)",
        "value": "+246"
      },
      {
        "label": "BRUNEI DARUSSALA(+673)",
        "value": "+673"
      },
      {
        "label": "BULGARIA(+359)",
        "value": "+359"
      },
      {
        "label": "BURKINA FASO(+226)",
        "value": "+226"
      },
      {
        "label": "BURUNDI(+257)",
        "value": "+257"
      },
      {
        "label": "CAMBODIA(+855)",
        "value": "+855"
      },
      {
        "label": "CAMEROON(+237)",
        "value": "+237"
      },
      {
        "label": "CANADA(+1)",
        "value": "+1"
      },
      {
        "label": "CAPE VERDE(+238)",
        "value": "+238"
      },
      {
        "label": "CAYMAN ISLANDS(+345)",
        "value": "+345"
      },
      {
        "label": "CENTRAL AFRICAN REPUBLIC(+236)",
        "value": "+236"
      },
      {
        "label": "CHAD(+235)",
        "value": "+235"
      },
      {
        "label": "CHILE(+56)",
        "value": "+56"
      },
      {
        "label": "CHINA(+86)",
        "value": "+86"
      },
      {
        "label": "CHRISTMAS ISLAND(+61)",
        "value": "+61"
      },
      {
        "label": "COCOS (KEELING) ISLANDS(+61)",
        "value": "+61"
      },
      {
        "label": "COLOMBIA(+57)",
        "value": "+57"
      },
      {
        "label": "COMOROS(+269)",
        "value": "+269"
      },
      {
        "label": "CONGO(+242)",
        "value": "+242"
      },
      {
        "label": "DEMOCRATIC REPUBLIC OF THE CONGO(+243)",
        "value": "+243"
      },
      {
        "label": "COOK ISLANDS(+682)",
        "value": "+682"
      },
      {
        "label": "COSTA RICA(+506)",
        "value": "+506"
      },
      {
        "label": "CROATIA(+385)",
        "value": "+385"
      },
      {
        "label": "CUBA(+53)",
        "value": "+53"
      },
      {
        "label": "CURACAO(+599)",
        "value": "+599"
      },
      {
        "label": "CYPRUS(+357)",
        "value": "+357"
      },
      {
        "label": "CZECH REPUBLIC(+420)",
        "value": "+420"
      },
      {
        "label": "COTE DIVOIRE(+225)",
        "value": "+225"
      },
      {
        "label": "DENMARK(+45)",
        "value": "+45"
      },
      {
        "label": "DJIBOUTI(+253)",
        "value": "+253"
      },
      {
        "label": "DOMINICA(+767)",
        "value": "+767"
      },
      {
        "label": "DOMINICAN REPUBLIC(+809)",
        "value": "+809"
      },
      {
        "label": "ECUADOR(+593)",
        "value": "+593"
      },
      {
        "label": "EGYPT(+20)",
        "value": "+20"
      },
      {
        "label": "EL SALVADOR(+503)",
        "value": "+503"
      },
      {
        "label": "EQUATORIAL GUINEA(+240)",
        "value": "+240"
      },
      {
        "label": "ERITREA(+291)",
        "value": "+291"
      },
      {
        "label": "ESTONIA(+372)",
        "value": "+372"
      },
      {
        "label": "ETHIOPIA(+251)",
        "value": "+251"
      },
      {
        "label": "FALKLAND ISLANDS (MALVINAS)(+500)",
        "value": "+500"
      },
      {
        "label": "FAROE ISLANDS(+298)",
        "value": "+298"
      },
      {
        "label": "FIJI(+679)",
        "value": "+679"
      },
      {
        "label": "FINLAND(+358)",
        "value": "+358"
      },
      {
        "label": "FRANCE(+33)",
        "value": "+33"
      },
      {
        "label": "FRENCH GUIANA(+594)",
        "value": "+594"
      },
      {
        "label": "FRENCH POLYNESIA(+689)",
        "value": "+689"
      },
      {
        "label": "FRENCH SOUTHERN TERRITORIES(+262)",
        "value": "+262"
      },
      {
        "label": "GABON(+241)",
        "value": "+241"
      },
      {
        "label": "GAMBIA(+220)",
        "value": "+220"
      },
      {
        "label": "GEORGIA(+995)",
        "value": "+995"
      },
      {
        "label": "GERMANY(+49)",
        "value": "+49"
      },
      {
        "label": "GHANA(+233)",
        "value": "+233"
      },
      {
        "label": "GIBRALTAR(+350)",
        "value": "+350"
      },
      {
        "label": "GREECE(+30)",
        "value": "+30"
      },
      {
        "label": "GREENLAND(+299)",
        "value": "+299"
      },
      {
        "label": "GRENADA(+473)",
        "value": "+473"
      },
      {
        "label": "GUADELOUPE(+590)",
        "value": "+590"
      },
      {
        "label": "GUAM(+671)",
        "value": "+671"
      },
      {
        "label": "GUATEMALA(+502)",
        "value": "+502"
      },
      {
        "label": "GUERNSEY(+44)",
        "value": "+44"
      },
      {
        "label": "GUINEA(+224)",
        "value": "+224"
      },
      {
        "label": "GUINEA-BISSAU(+245)",
        "value": "+245"
      },
      {
        "label": "GUYANA(+592)",
        "value": "+592"
      },
      {
        "label": "HAITI(+509)",
        "value": "+509"
      },
      {
        "label": "HEARD ISLAND AND MCDONALD ISLANDS(+672)",
        "value": "+672"
      },
      {
        "label": "HOLY SEE (VATICAN CITY STATE)(+379)",
        "value": "+379"
      },
      {
        "label": "HONDURAS(+504)",
        "value": "+504"
      },
      {
        "label": "HONG KONG(+852)",
        "value": "+852"
      },
      {
        "label": "HUNGARY(+36)",
        "value": "+36"
      },
      {
        "label": "ICELAND(+354)",
        "value": "+354"
      },
      {
        "label": "INDIA(+91)",
        "value": "+91"
      },
      {
        "label": "INDONESIA(+62)",
        "value": "+62"
      },
      {
        "label": "IRAN, ISLAMIC REPUBLIC OF(+98)",
        "value": "+98"
      },
      {
        "label": "IRAQ(+964)",
        "value": "+964"
      },
      {
        "label": "IRELAND(+353)",
        "value": "+353"
      },
      {
        "label": "ISLE OF MAN(+44)",
        "value": "+44"
      },
      {
        "label": "ISRAEL(+972)",
        "value": "+972"
      },
      {
        "label": "ITALY(+39)",
        "value": "+39"
      },
      {
        "label": "JAMAICA(+876)",
        "value": "+876"
      },
      {
        "label": "JAPAN(+81)",
        "value": "+81"
      },
      {
        "label": "JERSEY(+44)",
        "value": "+44"
      },
      {
        "label": "JORDAN(+962)",
        "value": "+962"
      },
      {
        "label": "KAZAKHSTAN(+7)",
        "value": "+7"
      },
      {
        "label": "KENYA(+254)",
        "value": "+254"
      },
      {
        "label": "KIRIBATI(+686)",
        "value": "+686"
      },
      {
        "label": "KOREA, DEMOCRATIC PEOPLES REPUBLIC OF(+850)",
        "value": "+850"
      },
      {
        "label": "KOREA, REPUBLIC OF(+82)",
        "value": "+82"
      },
      {
        "label": "KUWAIT(+965)",
        "value": "+965"
      },
      {
        "label": "KYRGYZSTAN(+996)",
        "value": "+996"
      },
      {
        "label": "LAO PEOPLES DEMOCRATIC REPUBLIC(+856)",
        "value": "+856"
      },
      {
        "label": "LATVIA(+371)",
        "value": "+371"
      },
      {
        "label": "LEBANON(+961)",
        "value": "+961"
      },
      {
        "label": "LESOTHO(+266)",
        "value": "+266"
      },
      {
        "label": "LIBERIA(+231)",
        "value": "+231"
      },
      {
        "label": "LIBYA(+218)",
        "value": "+218"
      },
      {
        "label": "LIECHTENSTEIN(+423)",
        "value": "+423"
      },
      {
        "label": "LITHUANIA(+370)",
        "value": "+370"
      },
      {
        "label": "LUXEMBOURG(+352)",
        "value": "+352"
      },
      {
        "label": "MACAO(+853)",
        "value": "+853"
      },
      {
        "label": "MACEDONIA, THE FORMER YUGOSLAV REPUBLIC OF(+389)",
        "value": "+389"
      },
      {
        "label": "MADAGASCAR(+261)",
        "value": "+261"
      },
      {
        "label": "MALAWI(+265)",
        "value": "+265"
      },
      {
        "label": "MALAYSIA(+60)",
        "value": "+60"
      },
      {
        "label": "MALDIVES(+960)",
        "value": "+960"
      },
      {
        "label": "MALI(+223)",
        "value": "+223"
      },
      {
        "label": "MALTA(+356)",
        "value": "+356"
      },
      {
        "label": "MARSHALL ISLANDS(+692)",
        "value": "+692"
      },
      {
        "label": "MARTINIQUE(+596)",
        "value": "+596"
      },
      {
        "label": "MAURITANIA(+222)",
        "value": "+222"
      },
      {
        "label": "MAURITIUS(+230)",
        "value": "+230"
      },
      {
        "label": "MAYOTTE(+262)",
        "value": "+262"
      },
      {
        "label": "MEXICO(+52)",
        "value": "+52"
      },
      {
        "label": "MICRONESIA, FEDERATED STATES OF(+691)",
        "value": "+691"
      },
      {
        "label": "MOLDOVA, REPUBLIC OF(+373)",
        "value": "+373"
      },
      {
        "label": "MONACO(+377)",
        "value": "+377"
      },
      {
        "label": "MONGOLIA(+976)",
        "value": "+976"
      },
      {
        "label": "MONTENEGRO(+382)",
        "value": "+382"
      },
      {
        "label": "MONTSERRAT(+664)",
        "value": "+664"
      },
      {
        "label": "MOROCCO(+212)",
        "value": "+212"
      },
      {
        "label": "MOZAMBIQUE(+258)",
        "value": "+258"
      },
      {
        "label": "MYANMAR(+95)",
        "value": "+95"
      },
      {
        "label": "NAMIBIA(+264)",
        "value": "+264"
      },
      {
        "label": "NAURU(+674)",
        "value": "+674"
      },
      {
        "label": "NEPAL(+977)",
        "value": "+977"
      },
      {
        "label": "NETHERLANDS(+31)",
        "value": "+31"
      },
      {
        "label": "NEW CALEDONIA(+687)",
        "value": "+687"
      },
      {
        "label": "NEW ZEALAND(+64)",
        "value": "+64"
      },
      {
        "label": "NICARAGUA(+505)",
        "value": "+505"
      },
      {
        "label": "NIGER(+227)",
        "value": "+227"
      },
      {
        "label": "NIGERIA(+234)",
        "value": "+234"
      },
      {
        "label": "NIUE(+683)",
        "value": "+683"
      },
      {
        "label": "NORFOLK ISLAND(+672)",
        "value": "+672"
      },
      {
        "label": "NORTHERN MARIANA ISLANDS(+670)",
        "value": "+670"
      },
      {
        "label": "NORWAY(+47)",
        "value": "+47"
      },
      {
        "label": "OMAN(+968)",
        "value": "+968"
      },
      {
        "label": "PAKISTAN(+92)",
        "value": "+92"
      },
      {
        "label": "PALAU(+680)",
        "value": "+680"
      },
      {
        "label": "PALESTINE, STATE OF(+970)",
        "value": "+970"
      },
      {
        "label": "PANAMA(+507)",
        "value": "+507"
      },
      {
        "label": "PAPUA NEW GUINEA(+675)",
        "value": "+675"
      },
      {
        "label": "PARAGUAY(+595)",
        "value": "+595"
      },
      {
        "label": "PERU(+51)",
        "value": "+51"
      },
      {
        "label": "PHILIPPINES(+63)",
        "value": "+63"
      },
      {
        "label": "PITCAIRN(+870)",
        "value": "+870"
      },
      {
        "label": "POLAND(+48)",
        "value": "+48"
      },
      {
        "label": "PORTUGAL(+351)",
        "value": "+351"
      },
      {
        "label": "PUERTO RICO(+1)",
        "value": "+1"
      },
      {
        "label": "QATAR(+974)",
        "value": "+974"
      },
      {
        "label": "ROMANIA(+40)",
        "value": "+40"
      },
      {
        "label": "RUSSIAN FEDERATION(+7)",
        "value": "+7"
      },
      {
        "label": "RWANDA(+250)",
        "value": "+250"
      },
      {
        "label": "REUNION(+262)",
        "value": "+262"
      },
      {
        "label": "SAINT BARTHELEMY(+590)",
        "value": "+590"
      },
      {
        "label": "SAINT HELENA(+290)",
        "value": "+290"
      },
      {
        "label": "SAINT KITTS AND NEVIS(+869)",
        "value": "+869"
      },
      {
        "label": "SAINT LUCIA(+758)",
        "value": "+758"
      },
      {
        "label": "SAINT MARTIN (FRENCH PART)(+590)",
        "value": "+590"
      },
      {
        "label": "SAINT PIERRE AND MIQUELON(+508)",
        "value": "+508"
      },
      {
        "label": "SAINT VINCENT AND THE GRENADINES(+784)",
        "value": "+784"
      },
      {
        "label": "SAMOA(+685)",
        "value": "+685"
      },
      {
        "label": "SAN MARINO(+378)",
        "value": "+378"
      },
      {
        "label": "SAO TOME AND PRINCIPE(+239)",
        "value": "+239"
      },
      {
        "label": "SAUDI ARABIA(+966)",
        "value": "+966"
      },
      {
        "label": "SENEGAL(+221)",
        "value": "+221"
      },
      {
        "label": "SERBIA(+381)",
        "value": "+381"
      },
      {
        "label": "SEYCHELLES(+248)",
        "value": "+248"
      },
      {
        "label": "SIERRA LEONE(+232)",
        "value": "+232"
      },
      {
        "label": "SINGAPORE(+65)",
        "value": "+65"
      },
      {
        "label": "SINT MAARTEN (DUTCH PART)(+721)",
        "value": "+721"
      },
      {
        "label": "SLOVAKIA(+421)",
        "value": "+421"
      },
      {
        "label": "SLOVENIA(+386)",
        "value": "+386"
      },
      {
        "label": "SOLOMON ISLANDS(+677)",
        "value": "+677"
      },
      {
        "label": "SOMALIA(+252)",
        "value": "+252"
      },
      {
        "label": "SOUTH AFRICA(+27)",
        "value": "+27"
      },
      {
        "label": "SOUTH GEORGIA AND THE SOUTH SANDWICH ISLANDS(+500)",
        "value": "+500"
      },
      {
        "label": "SOUTH SUDAN(+211)",
        "value": "+211"
      },
      {
        "label": "SPAIN(+34)",
        "value": "+34"
      },
      {
        "label": "SRI LANKA(+94)",
        "value": "+94"
      },
      {
        "label": "SUDAN(+249)",
        "value": "+249"
      },
      {
        "label": "SURINAME(+597)",
        "value": "+597"
      },
      {
        "label": "SVALBARD AND JAN MAYEN(+47)",
        "value": "+47"
      },
      {
        "label": "SWAZILAND(+268)",
        "value": "+268"
      },
      {
        "label": "SWEDEN(+46)",
        "value": "+46"
      },
      {
        "label": "SWITZERLAND(+41)",
        "value": "+41"
      },
      {
        "label": "SYRIAN ARAB REPUBLIC(+963)",
        "value": "+963"
      },
      {
        "label": "TAIWAN(+886)",
        "value": "+886"
      },
      {
        "label": "TAJIKISTAN(+992)",
        "value": "+992"
      },
      {
        "label": "UNITED REPUBLIC OF TANZANIA(+255)",
        "value": "+255"
      },
      {
        "label": "THAILAND(+66)",
        "value": "+66"
      },
      {
        "label": "TIMOR-LESTE(+670)",
        "value": "+670"
      },
      {
        "label": "TOGO(+228)",
        "value": "+228"
      },
      {
        "label": "TOKELAU(+690)",
        "value": "+690"
      },
      {
        "label": "TONGA(+676)",
        "value": "+676"
      },
      {
        "label": "TRINIDAD AND TOBAGO(+868)",
        "value": "+868"
      },
      {
        "label": "TUNISIA(+216)",
        "value": "+216"
      },
      {
        "label": "TURKEY(+90)",
        "value": "+90"
      },
      {
        "label": "TURKMENISTAN(+993)",
        "value": "+993"
      },
      {
        "label": "TURKS AND CAICOS ISLANDS(+649)",
        "value": "+649"
      },
      {
        "label": "TUVALU(+688)",
        "value": "+688"
      },
      {
        "label": "UGANDA(+256)",
        "value": "+256"
      },
      {
        "label": "UKRAINE(+380)",
        "value": "+380"
      },
      {
        "label": "UNITED ARAB EMIRATES(+971)",
        "value": "+971"
      },
      {
        "label": "UNITED KINGDOM(+44)",
        "value": "+44"
      },
      {
        "label": "UNITED STATES(+1)",
        "value": "+1"
      },
      {
        "label": "UNITED STATES MINOR OUTLYING ISLANDS(+1)",
        "value": "+1"
      },
      {
        "label": "URUGUAY(+598)",
        "value": "+598"
      },
      {
        "label": "UZBEKISTAN(+998)",
        "value": "+998"
      },
      {
        "label": "VANUATU(+678)",
        "value": "+678"
      },
      {
        "label": "VENEZUELA(+58)",
        "value": "+58"
      },
      {
        "label": "VIETNAM(+84)",
        "value": "+84"
      },
      {
        "label": "BRITISH VIRGIN ISLANDS(+284)",
        "value": "+284"
      },
      {
        "label": "US VIRGIN ISLANDS(+340)",
        "value": "+340"
      },
      {
        "label": "WALLIS AND FUTUNA(+681)",
        "value": "+681"
      },
      {
        "label": "WESTERN SAHARA(+212)",
        "value": "+212"
      },
      {
        "label": "YEMEN(+967)",
        "value": "+967"
      },
      {
        "label": "ZAMBIA(+260)",
        "value": "+260"
      },
      {
        "label": "ZIMBABWE(+263)",
        "value": "+263"
      },
      {
        "label": "ANTILLES(+599)",
        "value": "+599"
      },
      {
        "label": "YUGOSLAVIA(+381)",
        "value": "+381"
      },
      {
        "label": "ZAIRE(+243)",
        "value": "+243"
      }
    ],
    "countryCodeList": [
      {
        "label": "Select country",
        "value": null
      },
      {
        "label": "AFGHANISTAN",
        "value": "AF"
      },
      {
        "label": "ALBANIA",
        "value": "AL"
      },
      {
        "label": "ALGERIA",
        "value": "DZ"
      },
      {
        "label": "AMERICAN SAMOA",
        "value": "AS"
      },
      {
        "label": "ANDORRA",
        "value": "AN"
      },
      {
        "label": "ANGOLA",
        "value": "AO"
      },
      {
        "label": "ANGUILLA",
        "value": "AI"
      },
      {
        "label": "ANTARCTICA",
        "value": "AQ"
      },
      {
        "label": "ANTIGUA AND BARBUDA",
        "value": "AG"
      },
      {
        "label": "ARGENTINA",
        "value": "AR"
      },
      {
        "label": "ARMENIA",
        "value": "AM"
      },
      {
        "label": "ARUBA",
        "value": "AW"
      },
      {
        "label": "AUSTRALIA",
        "value": "AU"
      },
      {
        "label": "AUSTRIA",
        "value": "AT"
      },
      {
        "label": "AZERBAIJAN",
        "value": "AZ"
      },
      {
        "label": "BAHAMAS",
        "value": "BS"
      },
      {
        "label": "BAHRAIN",
        "value": "BH"
      },
      {
        "label": "BANGLADESH",
        "value": "BD"
      },
      {
        "label": "BARBADOS",
        "value": "BB"
      },
      {
        "label": "BELARUS",
        "value": "BY"
      },
      {
        "label": "BELGIUM",
        "value": "BE"
      },
      {
        "label": "BELIZE",
        "value": "BZ"
      },
      {
        "label": "BENIN",
        "value": "BJ"
      },
      {
        "label": "BERMUDA",
        "value": "BM"
      },
      {
        "label": "BHUTAN",
        "value": "BT"
      },
      {
        "label": "BOLIVIA",
        "value": "BO"
      },
      {
        "label": "BONAIRE",
        "value": "BES"
      },
      {
        "label": "BOSNIA-HERZEGOVINA",
        "value": "BA"
      },
      {
        "label": "BOTSWANA",
        "value": "BW"
      },
      {
        "label": "BOUVETISLAND",
        "value": "BV"
      },
      {
        "label": "BRAZIL",
        "value": "BR"
      },
      {
        "label": "BRITISH INDIAN OCEAN TERRITORY",
        "value": "IO"
      },
      {
        "label": "BRUNEI DARUSSALAM ",
        "value": "BN"
      },
      {
        "label": "BULGARIA",
        "value": "BG"
      },
      {
        "label": "BURKINA FASO",
        "value": "BF"
      },
      {
        "label": "BURUNDI",
        "value": "BI"
      },
      {
        "label": "CAMBODIA",
        "value": "KH"
      },
      {
        "label": "CAMEROON",
        "value": "CM"
      },
      {
        "label": "CANADA",
        "value": "CA"
      },
      {
        "label": "CAPE VERDE",
        "value": "CV"
      },
      {
        "label": "CAYMAN ISLANDS",
        "value": "KY"
      },
      {
        "label": "CENTRAL AFRICAN REPUBLIC ",
        "value": "CF"
      },
      {
        "label": "CHAD",
        "value": "TD"
      },
      {
        "label": "CHILE",
        "value": "CL"
      },
      {
        "label": "CHINA",
        "value": "CN"
      },
      {
        "label": "CHRISTMAS ISLAND",
        "value": "CX"
      },
      {
        "label": "COCOS (KEELING) ISLANDS",
        "value": "CC"
      },
      {
        "label": "COLOMBIA",
        "value": "CO"
      },
      {
        "label": "COMOROS",
        "value": "KM"
      },
      {
        "label": "CONGO",
        "value": "CG"
      },
      {
        "label": "DEMOCRATIC REPUBLIC OF THE CONGO",
        "value": "CD"
      },
      {
        "label": "COOK ISLANDS",
        "value": "CK"
      },
      {
        "label": "COSTA RICA",
        "value": "CR"
      },
      {
        "label": "CROATIA",
        "value": "HR"
      },
      {
        "label": "CUBA",
        "value": "CU"
      },
      {
        "label": "CURACAO",
        "value": "CUW"
      },
      {
        "label": "CYPRUS",
        "value": "CY"
      },
      {
        "label": "CZECH REPUBLIC",
        "value": "CZ"
      },
      {
        "label": "COTE DIVOIRE",
        "value": "CIV"
      },
      {
        "label": "DENMARK",
        "value": "DK"
      },
      {
        "label": "DJIBOUTI",
        "value": "DJ"
      },
      {
        "label": "DOMINICA",
        "value": "DM"
      },
      {
        "label": "DOMINICAN REPUBLIC",
        "value": "DO"
      },
      {
        "label": "ECUADOR",
        "value": "EC"
      },
      {
        "label": "EGYPT",
        "value": "EG"
      },
      {
        "label": "EL SALVADOR",
        "value": "SV"
      },
      {
        "label": "EQUATORIAL GUINEA",
        "value": "GQ"
      },
      {
        "label": "ERITREA",
        "value": "ER"
      },
      {
        "label": "ESTONIA",
        "value": "EE"
      },
      {
        "label": "ETHIOPIA",
        "value": "ET"
      },
      {
        "label": "FALKLAND ISLANDS",
        "value": "FK"
      },
      {
        "label": "FAROE ISLANDS",
        "value": "FO"
      },
      {
        "label": "FIJI",
        "value": "FJ"
      },
      {
        "label": "FINLAND",
        "value": "FI"
      },
      {
        "label": "FRANCE",
        "value": "FR"
      },
      {
        "label": "FRANCE (EUROPEAN TERRITORY)",
        "value": "FX"
      },
      {
        "label": "FRENCH GUYANA",
        "value": "GF"
      },
      {
        "label": "FRENCH SOUTHERN TERRITORIES",
        "value": "TF"
      },
      {
        "label": "GABON",
        "value": "GA"
      },
      {
        "label": "GAMBIA",
        "value": "GM"
      },
      {
        "label": "GEORGIA",
        "value": "GE"
      },
      {
        "label": "GERMANY",
        "value": "DE"
      },
      {
        "label": "GHANA",
        "value": "GH"
      },
      {
        "label": "GIBRALTAR",
        "value": "GI"
      },
      {
        "label": "GREECE",
        "value": "GR"
      },
      {
        "label": "GREENLAND",
        "value": "GL"
      },
      {
        "label": "GRENADA",
        "value": "GD"
      },
      {
        "label": "GUADELOUPE (FRENCH)",
        "value": "GP"
      },
      {
        "label": "GUAM (USA)",
        "value": "GU"
      },
      {
        "label": "GUATEMALA",
        "value": "GT"
      },
      {
        "label": "GUERNSEY",
        "value": "GGY"
      },
      {
        "label": "GUINEA",
        "value": "GN"
      },
      {
        "label": "GUINEA-BISSAU",
        "value": "GW"
      },
      {
        "label": "GUYANA",
        "value": "GY"
      },
      {
        "label": "HAITI",
        "value": "HT"
      },
      {
        "label": "HEARD ISLAND AND MCDONALD ISLANDS",
        "value": "HM"
      },
      {
        "label": "HOLY SEE (VATICAN CITY STATE)",
        "value": "VA"
      },
      {
        "label": "HONDURAS",
        "value": "HN"
      },
      {
        "label": "HONG KONG",
        "value": "HK"
      },
      {
        "label": "HUNGARY",
        "value": "HU"
      },
      {
        "label": "ICELAND",
        "value": "IS"
      },
      {
        "label": "INDIA",
        "value": "IN"
      },
      {
        "label": "INDONESIA",
        "value": "ID"
      },
      {
        "label": "IRAN",
        "value": "IR"
      },
      {
        "label": "IRAQ",
        "value": "IQ"
      },
      {
        "label": "IRELAND",
        "value": "IE"
      },
      {
        "label": "ISLEOFMAN",
        "value": "IMN"
      },
      {
        "label": "ISRAEL",
        "value": "IL"
      },
      {
        "label": "ITALY",
        "value": "IT"
      },
      {
        "label": "JAMAICA",
        "value": "JM"
      },
      {
        "label": "JAPAN",
        "value": "JP"
      },
      {
        "label": "JERSEY",
        "value": "JEY"
      },
      {
        "label": "JORDAN",
        "value": "JO"
      },
      {
        "label": "KAZAKHSTAN",
        "value": "KZ"
      },
      {
        "label": "KENYA",
        "value": "KE"
      },
      {
        "label": "KIRIBATI",
        "value": "KI"
      },
      {
        "label": "KAZAKHSTAN",
        "value": "KZ"
      },
      {
        "label": "KOREA,REPUBLIC OF",
        "value": "KOR"
      },
      {
        "label": "KUWAIT",
        "value": "KW"
      },
      {
        "label": "KYRGYZ REPUBLIC (KYRGYZSTAN)",
        "value": "KG"
      },
      {
        "label": "LAOS",
        "value": "LA"
      },
      {
        "label": "LATVIA",
        "value": "LV"
      },
      {
        "label": "LEBANON",
        "value": "LB"
      },
      {
        "label": "LESOTHO",
        "value": "LS"
      },
      {
        "label": "LIBERIA",
        "value": "LR"
      },
      {
        "label": "LIBYA",
        "value": "LY"
      },
      {
        "label": "LIECHTENSTEIN",
        "value": "LI"
      },
      {
        "label": "LITHUANIA",
        "value": "LT"
      },
      {
        "label": "LUXEMBOURG",
        "value": "LU"
      },
      {
        "label": "MACAU",
        "value": "MO"
      },
      {
        "label": "MACEDONIA",
        "value": "MK"
      },
      {
        "label": "MADAGASCAR",
        "value": "MG"
      },
      {
        "label": "MALAWI",
        "value": "MW"
      },
      {
        "label": "MALAYSIA",
        "value": "MY"
      },
      {
        "label": "MALDIVES",
        "value": "MV"
      },
      {
        "label": "MALI",
        "value": "ML"
      },
      {
        "label": "MALTA",
        "value": "MT"
      },
      {
        "label": "MARSHALL ISLANDS",
        "value": "MH"
      },
      {
        "label": "MARTINIQUE",
        "value": "MQ"
      },
      {
        "label": "MAURITANIA",
        "value": "MR"
      },
      {
        "label": "MAURITIUS",
        "value": "MU"
      },
      {
        "label": "MAYOTTE",
        "value": "YT"
      },
      {
        "label": "MEXICO",
        "value": "MX"
      },
      {
        "label": "MICRONESIA",
        "value": "FM"
      },
      {
        "label": "MOLDOVA",
        "value": "MD"
      },
      {
        "label": "MONACO",
        "value": "MC"
      },
      {
        "label": "MONGOLIA",
        "value": "MN"
      },
      {
        "label": "MONTENEGRO",
        "value": "ME"
      },
      {
        "label": "MONTSERRAT",
        "value": "MR"
      },
      {
        "label": "MOROCCO",
        "value": "MA"
      },
      {
        "label": "MOZAMBIQUE",
        "value": "MZ"
      },
      {
        "label": "MYANMAR",
        "value": "MR"
      },
      {
        "label": "NAMIBIA",
        "value": "NA"
      },
      {
        "label": "NAURU",
        "value": "NR"
      },
      {
        "label": "NEPAL",
        "value": "NP"
      },
      {
        "label": "NETHERLANDS",
        "value": "NL"
      },
      {
        "label": "NEW CALEDONIA",
        "value": "NC"
      },
      {
        "label": "NEW ZEALAND",
        "value": "NZ"
      },
      {
        "label": "NICARAGUA",
        "value": "NI"
      },
      {
        "label": "NIGER",
        "value": "NE"
      },
      {
        "label": "NIGERIA",
        "value": "NG"
      },
      {
        "label": "NIUE",
        "value": "NU"
      },
      {
        "label": "NOR FOLK ISLAND",
        "value": "NF"
      },
      {
        "label": "NORTHERN MARIANA ISLANDS",
        "value": "MP"
      },
      {
        "label": "NORWAY",
        "value": "NO"
      },
      {
        "label": "OMAN",
        "value": "WY"
      },
      {
        "label": "PAKISTAN",
        "value": "PK"
      },
      {
        "label": "PALAU",
        "value": "PW"
      },
      {
        "label": "PALESTINE,STATEOF",
        "value": "PS"
      },
      {
        "label": "PANAMA",
        "value": "PA"
      },
      {
        "label": "PAPUA NEW GUINEA",
        "value": "PG"
      },
      {
        "label": "PARAGUAY",
        "value": "PY"
      },
      {
        "label": "PERU",
        "value": "PE"
      },
      {
        "label": "PHILIPPINES",
        "value": "PH"
      },
      {
        "label": "PITCAIRN ISLAND",
        "value": "PN"
      },
      {
        "label": "POLAND",
        "value": "PL"
      },
      {
        "label": "PORTUGAL",
        "value": "PT"
      },
      {
        "label": "PUERTO RICO",
        "value": "PR"
      },
      {
        "label": "QATAR",
        "value": "QA"
      },
      {
        "label": "ROMANIA",
        "value": "RO"
      },
      {
        "label": "RUSSIAN FEDERATION",
        "value": "XU"
      },
      {
        "label": "RWANDA",
        "value": "RW"
      },
      {
        "label": "RUSSIAN FEDERATION",
        "value": "RU"
      },
      {
        "label": "SAINT BARTHELEMY",
        "value": "BLM"
      },
      {
        "label": "SAINT HELENA",
        "value": "SH"
      },
      {
        "label": "SAINT KITTS AND NEVIS",
        "value": "KNA"
      },
      {
        "label": "SAINT LUCIA",
        "value": "LC"
      },
      {
        "label": "SAINT MARTIN (FRENCHPART)",
        "value": "MAF"
      },
      {
        "label": "SAINT PIERRE AND MIQUELON",
        "value": "PM"
      },
      {
        "label": "SAINT VIN-GREN",
        "value": "VC"
      },
      {
        "label": "SAMOA",
        "value": "WS"
      },
      {
        "label": "SAN MARINO",
        "value": "SM"
      },
      {
        "label": "SAO TOME AND PRINCIPE",
        "value": "ST"
      },
      {
        "label": "SAUDI ARABIA",
        "value": "SA"
      },
      {
        "label": "SENEGAL",
        "value": "SN"
      },
      {
        "label": "SERBIA",
        "value": "RS"
      },
      {
        "label": "SEYCHELLES",
        "value": "SC"
      },
      {
        "label": "SIERRA LEONE",
        "value": "SL"
      },
      {
        "label": "SINGAPORE",
        "value": "SG"
      },
      {
        "label": "SINT MAARTEN (DUTCHPART)",
        "value": "SXM"
      },
      {
        "label": "SLOVAK REPUBLIC",
        "value": "SK"
      },
      {
        "label": "SLOVENIA",
        "value": "SI"
      },
      {
        "label": "SOLOMON ISLANDS",
        "value": "SB"
      },
      {
        "label": "SOMALIA",
        "value": "SO"
      },
      {
        "label": "SOUTH AFRICA",
        "value": "ZA"
      },
      {
        "label": "SOUTH KOREA",
        "value": "KR"
      },
      {
        "label": "SOUTH SUDAN",
        "value": "SSD"
      },
      {
        "label": "SPAIN",
        "value": "ES"
      },
      {
        "label": "SRI LANKA",
        "value": "LK"
      },
      {
        "label": "SUDAN",
        "value": "SD"
      },
      {
        "label": "SURINAME",
        "value": "SR"
      },
      {
        "label": "SVALBARD AND JAN MAYEN ISLANDS",
        "value": "SJ"
      },
      {
        "label": "SWAZILAND",
        "value": "SZ"
      },
      {
        "label": "SWEDEN",
        "value": "SE"
      },
      {
        "label": "SWITZERLAND",
        "value": "CH"
      },
      {
        "label": "SYRIAN",
        "value": "SY"
      },
      {
        "label": "TAIWAN",
        "value": "TW"
      },
      {
        "label": "TADJIKISTAN",
        "value": "TJ"
      },
      {
        "label": "TANZANIA",
        "value": "TZ"
      },
      {
        "label": "THAILAND",
        "value": "TH"
      },
      {
        "label": "TIMOR-LESTE",
        "value": "TLS"
      },
      {
        "label": "TOGO",
        "value": "TG"
      },
      {
        "label": "TOKELAU",
        "value": "TK"
      },
      {
        "label": "TONGA",
        "value": "TO"
      },
      {
        "label": "TRINIDAD AND TOBAGO",
        "value": "TT"
      },
      {
        "label": "TUNISIA",
        "value": "TN"
      },
      {
        "label": "TURKEY",
        "value": "TR"
      },
      {
        "label": "TURKMENISTAN",
        "value": "TM"
      },
      {
        "label": "TURKS AND CAICOS ISLANDS",
        "value": "TC"
      },
      {
        "label": "TUVALU",
        "value": "TV"
      },
      {
        "label": "UGANDA",
        "value": "UG"
      },
      {
        "label": "UKRAINE",
        "value": "UA"
      },
      {
        "label": "UNITED ARAB EMIRATES",
        "value": "AE"
      },
      {
        "label": "UNITED KINGDOM",
        "value": "UK"
      },
      {
        "label": "UNITED STATES",
        "value": "US"
      },
      {
        "label": "UNITED STATES MINOR OUTLYING ISLANDS",
        "value": "UM"
      },
      {
        "label": "URUGUAY",
        "value": "UY"
      },
      {
        "label": "UZBEKISTAN",
        "value": "UZ"
      },
      {
        "label": "VANUATU",
        "value": "VU"
      },
      {
        "label": "VENEZUELA",
        "value": "VE"
      },
      {
        "label": "VIETNAM",
        "value": "VN"
      },
      {
        "label": "VIRGIN ISLANDS (BRITISH)",
        "value": "VG"
      },
      {
        "label": "VIRGIN ISLANDS (USA)",
        "value": "VI"
      },
      {
        "label": "WALLIS AND FUTUNA ISLANDS",
        "value": "WF"
      },
      {
        "label": "WESTERN SAHARA",
        "value": "EH"
      },
      {
        "label": "YEMEN",
        "value": "YE"
      },
      {
        "label": "ZAMBIA",
        "value": "ZM"
      },
      {
        "label": "ZIMBABWE",
        "value": "ZW"
      },
      {
        "label": "ANTILLES",
        "value": "AN"
      },
      {
        "label": "YUGOSLAVIA",
        "value": "YU"
      },
      {
        "label": "ZAIRE",
        "value": "ZA"
      }
    ]
  }