{
  "data":{
    "passed": [
      {
        "flightdate": "03-Jan-2020",
        "origin": "NQA",
        "destination": "JFK",
        "startDate": "03-Jan-2020",
        "starttime": "10:20",
        "endDate": "03-Jan-2020",
        "endtime": "22:20",
        "pnr": "T22CXN",
        "status": "Active",
        "flightNo": "NZ1081"
      },
      {
        "flightdate": "09-Feb-2020",
        "origin": "WLG",
        "destination": "SFO",
        "startDate": "09-Feb-2020",
        "starttime": "0:20",
        "endDate": "09-Feb-2020",
        "endtime": "7:20",
        "pnr": "ZWA6W3",
        "status": "Active",
        "flightNo": "NZ1082"
      },
      {
        "flightdate": "13-Mar-2020",
        "origin": "CHC",
        "destination": "MEL",
        "startDate": "13-Mar-2020",
        "starttime": "1:20",
        "endDate": "13-Mar-2020",
        "endtime": "21:20",
        "pnr": "V23MZR",
        "status": "Active",
        "flightNo": "NZ1083"
      },
      {
        "flightdate": "08-Apr-2020",
        "origin": "ZQN",
        "destination": "SYD",
        "startDate": "08-Apr-2020",
        "starttime": "12:20",
        "endDate": "08-Apr-2020",
        "endtime": "20:30",
        "pnr": "BMLMV2",
        "status": "Active",
        "flightNo": "NZ1084"
      },
      {
        "flightdate": "13-May-2020",
        "origin": "AKL",
        "destination": "AUH",
        "startDate": "13-May-2020",
        "starttime": "0:30",
        "endDate": "13-May-2020",
        "endtime": "10:20",
        "pnr": "Q3AEQQ",
        "status": "Active",
        "flightNo": "NZ1085"
      },
      {
        "flightdate": "07-Jun-2020",
        "origin": "AKL",
        "destination": "YYC",
        "startDate": "07-Jun-2020",
        "starttime": "10:20",
        "endDate": "07-Jun-2020",
        "endtime": "21:20",
        "pnr": "ET9DW2",
        "status": "Active",
        "flightNo": "NZ1086"
      },
      {
        "flightdate": "03-Aug-2020",
        "origin": "CHC",
        "destination": "HNL",
        "startDate": "03-Aug-2020",
        "starttime": "18:20",
        "endDate": "03-Aug-2020",
        "endtime": "22:20",
        "pnr": "A6T9GP",
        "status": "Active",
        "flightNo": "NZ1087"
      },
      {
        "flightdate": "02-Sep-2020",
        "origin": "WLG",
        "destination": "LHR",
        "startDate": "02-Sep-2020",
        "starttime": "7:20",
        "endDate": "02-Sep-2020",
        "endtime": "17:20",
        "pnr": "KS26W2",
        "status": "Active",
        "flightNo": "NZ1088"
      },
      {
        "flightdate": "05-Oct-2020",
        "origin": "ZQN",
        "destination": "LAX",
        "startDate": "05-Oct-2020",
        "starttime": "9:20",
        "endDate": "05-Oct-2020",
        "endtime": "19:20",
        "pnr": "ET9UU2",
        "status": "Active",
        "flightNo": "NZ1089"
      }
    ],
    "upcoming": [
      {
        "flightdate": "21-Jan-2021",
        "origin": "AKL",
        "destination": "YYC",
        "startDate": "21-Jan-2021",
        "starttime": "10:20",
        "endDate": "21-Jan-2021",
        "endtime": "22:20",
        "pnr": "A6T9TB",
        "status": "Active",
        "flightNo": "NZ1091"
      },
      {
        "flightdate": "05-Feb-2021",
        "origin": "CHC",
        "destination": "HNL",
        "startDate": "05-Feb-2021",
        "starttime": "0:20",
        "endDate": "05-Feb-2021",
        "endtime": "7:20",
        "pnr": "V5AEQR",
        "status": "Active",
        "flightNo": "NZ1092"
      },
      {
        "flightdate": "13-Mar-2021",
        "origin": "WLG",
        "destination": "LHR",
        "startDate": "13-Mar-2021",
        "starttime": "1:20",
        "endDate": "13-Mar-2021",
        "endtime": "21:20",
        "pnr": "JH26V9",
        "status": "Active",
        "flightNo": "NZ1093"
      },
      {
        "flightdate": "08-Apr-2021",
        "origin": "ZQN",
        "destination": "LAX",
        "startDate": "08-Apr-2021",
        "starttime": "12:20",
        "endDate": "08-Apr-2021",
        "endtime": "20:30",
        "pnr": "C833X7",
        "status": "Active",
        "flightNo": "NZ1094"
      },
      {
        "flightdate": "13-May-2021",
        "origin": "NQA",
        "destination": "JFK",
        "startDate": "13-May-2021",
        "starttime": "0:30",
        "endDate": "13-May-2021",
        "endtime": "10:20",
        "pnr": "QJ86DA",
        "status": "Active",
        "flightNo": "NZ1095"
      },
      {
        "flightdate": "07-Jun-2021",
        "origin": "WLG",
        "destination": "SFO",
        "startDate": "07-Jun-2021",
        "starttime": "10:20",
        "endDate": "07-Jun-2021",
        "endtime": "21:20",
        "pnr": "RQ26V9",
        "status": "Active",
        "flightNo": "NZ1096"
      },
      {
        "flightdate": "03-Aug-2021",
        "origin": "CHC",
        "destination": "MEL",
        "startDate": "03-Aug-2021",
        "starttime": "18:20",
        "endDate": "03-Aug-2021",
        "endtime": "22:20",
        "pnr": "W23MXD",
        "status": "Active",
        "flightNo": "NZ1097"
      },
      {
        "flightdate": "02-Sep-2021",
        "origin": "ZQN",
        "destination": "SYD",
        "startDate": "02-Sep-2021",
        "starttime": "7:20",
        "endDate": "02-Sep-2021",
        "endtime": "17:20",
        "pnr": "R86BT8",
        "status": "Cancelled",
        "flightNo": "NZ1098"
      },
      {
        "flightdate": "05-Oct-2021",
        "origin": "AKL",
        "destination": "AUH",
        "startDate": "05-Oct-2021",
        "starttime": "9:20",
        "endDate": "05-Oct-2021",
        "endtime": "19:20",
        "pnr": "QH93YA",
        "status": "Cancelled",
        "flightNo": "NZ1099"
      }
    ]
  }
}